{"accuracy": [0.74102, 0.88864, 0.9024, 0.91976, 0.93076, 0.9421, 0.94956, 0.95716, 0.96378, 0.96514, 0.96812, 0.9701, 0.97296, 0.97644, 0.97676, 0.977, 0.97922, 0.98016, 0.98154, 0.98178], "loss": [0.8558674645812615, 0.3665565217051969, 0.3219009868876861, 0.27343519233510166, 0.23209036971964037, 0.19657684073014103, 0.17116453202055468, 0.14385033367901964, 0.12254894361771701, 0.11531497877748574, 0.10466682560303632, 0.09671246301611443, 0.08784785516657735, 0.07738370298946282, 0.07741112238816832, 0.07348832525545136, 0.06724388707700707, 0.06340278124900016, 0.05989575036667416, 0.057069526474072554], "val_accuracy": [0.8846, 0.8972, 0.9056, 0.9304, 0.9467, 0.9476, 0.9513, 0.9561, 0.9711, 0.9678, 0.9619, 0.972, 0.978, 0.9688, 0.9733, 0.9746, 0.9776, 0.9791, 0.9794, 0.9699], "val_loss": [0.3835944347320848, 0.32713229982716263, 0.32577913705330747, 0.2335633632910859, 0.19039961045524875, 0.1769495553746345, 0.1545167272068133, 0.14604311506412213, 0.1002227541438903, 0.10987338594570281, 0.13000287341582736, 0.09493235708955841, 0.08002726107562898, 0.10292746359779006, 0.09617915937593978, 0.09071249534245462, 0.07596124455949683, 0.07143625539540652, 0.07649058057069423, 0.1035354534893706]}