{
    "accuracy": [
        0.9245200157165527,
        0.9829400181770325,
        0.9887599945068359,
        0.9926400184631348,
        0.9956799745559692,
        0.9970399737358093,
        0.9972400069236755,
        0.9987199902534485,
        0.9987800121307373,
        0.999019980430603,
        0.9993600249290466,
        0.9997400045394897,
        0.9994800090789795,
        0.9997199773788452,
        0.9994199872016907,
        1.0,
        1.0,
        1.0,
        1.0,
        1.0
    ],
    "loss": [
        0.266535222530365,
        0.058282166719436646,
        0.03808289021253586,
        0.026163388043642044,
        0.0167858749628067,
        0.011637800373136997,
        0.009948833845555782,
        0.005746626760810614,
        0.004856925457715988,
        0.0038835147861391306,
        0.002976365853101015,
        0.0017032289179041982,
        0.0025408726651221514,
        0.001495490432716906,
        0.0024444882292300463,
        0.0003064381598960608,
        9.33004412217997e-05,
        5.579966091318056e-05,
        3.3433672797400504e-05,
        2.1452884539030492e-05
    ],
    "val_accuracy": [
        0.9810000061988831,
        0.9858999848365784,
        0.9858999848365784,
        0.987500011920929,
        0.9883000254631042,
        0.9884999990463257,
        0.9883000254631042,
        0.9879999756813049,
        0.9889000058174133,
        0.9872999787330627,
        0.988099992275238,
        0.987500011920929,
        0.9883999824523926,
        0.9865000247955322,
        0.9890000224113464,
        0.9897000193595886,
        0.9896000027656555,
        0.9900000095367432,
        0.9898999929428101,
        0.9891999959945679
    ],
    "val_loss": [
        0.0719718188047409,
        0.05283169448375702,
        0.04865721985697746,
        0.042705778032541275,
        0.03999282792210579,
        0.040286995470523834,
        0.041765667498111725,
        0.043020300567150116,
        0.03795706480741501,
        0.04820888862013817,
        0.041811857372522354,
        0.04641472548246384,
        0.044956304132938385,
        0.05295524746179581,
        0.04583018273115158,
        0.04166438430547714,
        0.042607251554727554,
        0.04445991665124893,
        0.0439998060464859,
        0.050142887979745865
    ]
}